Kategori,Judul
Bollywood Movies,Zee Bioskop - Raazi (V8)
Bollywood Movies,Zee Bioskop - Isi Life Mein...! (V8)
Bollywood Movies,Zee Bioskop - Ankur Arora Murder Case (V8)
Bollywood Movies,Zee Bioskop - Mard Ko Dard Nahi Hota (V8)
Bollywood Movies,Zee Bioskop - Namaste England (V8)
Bollywood Movies,Zee Bioskop - Yaadein (V8)
Bollywood Movies,Zee Bioskop - Sanak (V8)
Bollywood Movies,Zee Bioskop - Sarfarosh (V8)
Bollywood Movies,Zee Bioskop - Army (V8)
Bollywood Movies,Zee Bioskop - Rock On! 2 (V8)
Life Stories,Cintapuccino
Life Stories,Hari Untuk Amanda
Life Stories,Air Mata Surga
Life Stories,Nikah Pada Pandangan Pertama
Life Stories,Istriku Ngidam Ayu Ting-Ting
Life Stories,Menikah Untuk Ibu
Life Stories,Wonderful Nightmare
Life Stories,Mars Met Venus (Part Cowo)
Life Stories,Mars met Venus (Part Cewek)
Life Stories,Be with You
Life Stories,Si Doel Anak Pinggiran
Life Stories,7 Hari 24 Jam
Life Stories,Yakin Mau Nikah ?
Life Stories,Maaf Saya Menghamili Istri Anda
Life Stories,Asmara Dua Diana
Life Stories,Kata Maaf Terakhir
Life Stories,Bulan Madu
Life Stories,Puber Kedua Suami Ketiga
Life Stories,Cinta Palsu Sang Suami
Life Stories,3 Dara 2
FTV Romantis,Teropong Cinta Untuk Indah
FTV Romantis,Tuan Narsis Over Dosis
FTV Romantis,Ubi Habis Cintapun Datang
FTV Romantis,Mama Dedeh VS Papa Dadah
FTV Romantis,Me VS Mami 3
FTV Romantis,Istriku Ngidam Ayu Ting-Ting
FTV Romantis,Mr. Miki & Miss Mini 
FTV Romantis,(Masih) Me VS Mami
FTV Romantis,Cinta Tanpa Pamrih
FTV Romantis,Superstar Ndeso
FTV Romantis,Rama Untuk Shinta
Indo Classic Movies,Brownies
Indo Classic Movies,Mengejar Matahari
Indo Classic Movies,Vina Bilang Cinta
Indo Classic Movies,Tentang Dia
Indo Classic Movies,Ungu Violet
Indo Classic Movies,Jomblo
Indo Classic Movies,Mendadak Dangdut
Indo Classic Movies,Cintapuccino
Indo Classic Movies,Maaf Saya Menghamili Istri Anda
Indo Classic Movies,Saus Kacang
Indo Classic Movies,Oh My God
Indo Classic Movies,Doa Yang Mengancam
Indo Classic Movies,Puber
Indo Classic Movies,Kata Maaf Terakhir
Indo Classic Movies,Kalau Cinta Jangan Cengeng
Indo Classic Movies,Asmara Dua Diana
Indo Classic Movies,Hari Untuk Amanda
Indo Classic Movies,My Blackberry Girlfriend
Indo Classic Movies,Masih Bukan Cinta Biasa
Indo Classic Movies,Rumah Tanpa Jendela
Rom-Com,Ada Cewek Cantik Banget di Truk Sampah
Rom-Com,Angkotku Berhenti Di Kamu
Rom-Com,Bukan Cinta Isi Ulang
Rom-Com,Calo Cinta
Rom-Com,Cantik-Cantik Koq Tukang Sedot Tinja
Rom-Com,Cinta Laundry Kiloan
Rom-Com,Cinta Pengamen Badut
Rom-Com,Cintaku Ditangan Hansip
Rom-Com,Cintaku Mampir Di Kursus Nyetir
Rom-Com,Dari Panci Turun Ke Hati
Rom-Com,I Love You OB
Rom-Com,Insom Cinta Ronda
Rom-Com,Ku Derek Cintamu Ke Pelaminan
Rom-Com,Kutunggu Kau di Salon Cinta
Rom-Com,My Poppy is Tukang Roti
Rom-Com,Nano Si Nanny
Rom-Com,Ngojek Demi Cinta
Rom-Com,Pacarin Camat
Rom-Com,Pelatih Yoga Tebar Cinta
Rom-Com,Pemadam Api Cinta
Comedy Sketches,Cara-cara Menikmati Kopi
Comedy Sketches,Bos Jaman Now
Comedy Sketches,Ciri-ciri Cowok Ramah vs Cowok Ganjen
Comedy Sketches,Bisa Kok Mie Ayam Gak Pake Ayam
Comedy Sketches,Kelakukan Orang Saat Tagihan Datang
Comedy Sketches,Batak Bangett Mamak Anti Narkoba
Comedy Sketches,Ayank Beb Narik Ojek
Comedy Sketches,Alasan Jadi Ojek Online
Comedy Sketches,Kelakuan Orang Puasa
Comedy Sketches,5 Level Karantina/Lockdown/PSBB
Comedy Sketches,Suami Kaya
Comedy Sketches,Saat yang Salah untuk Minum Kopi
Comedy Sketches,Mahasiswa Jaman Now vs Tempo Doeloe
Comedy Sketches,Hollywood vs Bollywood Part.1
Comedy Sketches,Hollywood vs Bollywood Part.2
Comedy Sketches,Fotokopi
Comedy Sketches,(Bukan) Preman Terkuat
Comedy Sketches,Ceritanya Puasa
Comedy Sketches,10 Alasan Terlambat
Comedy Sketches,7 Alasan Minum Kopi
Short Movies,Kisah Menemukan Paling Mengharukan
Short Movies,Hipnotis
Short Movies,Koin Penyok
Short Movies,Bumi Datar atau Bumi Bulat
Short Movies,Bakoel Kosong
Short Movies,Jakarta Lockdown
Short Movies,Mempersiapkan Kemerdekaan
Short Movies,Family Man
Short Movies,Whisper Challenge The Movie
Short Movies,Valentine According to Cameo
Short Movies,Short FTV - Tante Sonya
Short Movies,Short FTV - Cintaku Semanis Pancake Durian
Short Movies,Short FTV - Hey Aku Love Kamu
Short Movies,Short FTV - Insom Cinta Ronda
Short Movies,"Short FTV - 14 Hari, Anak Band Atau Pak Guru ?"
Short Movies,Short FTV - Cinta Not for Sale
Short Movies,Short FTV - Nikah Pada Pandangan Pertama
Short Movies,Short FTV - Pacarin Camat
Short Movies,Short FTV - Sule KKN di Desa Penyanyi
Short Movies,Short FTV - Asisten Cantik Naik Pangkat
Drama,Air Mata Surga
Drama,Batas
Drama,Jendral Kancil
Drama,Saus Kacang
Drama,1 Cinta di Bira
Drama,Surat Cinta untuk Kartini
Drama,Ketika Cinta Bertasbih
Drama,Ketika Cinta Bertasbih 2
Drama,Doa Yang Mengancam
Drama,Sambal Cinta Bang Samson
Drama,InsyaAllah Jodoh
Drama,Sebakul Cinta Gadis Bekatul
Drama,Cintaku Nyangkut Di Pelabuhan Ratu
Drama,Cintaku Sebulat Tahu
Drama,Cinta Anak Juragan Teh
Drama,Badut Cantik Taman Mini
Drama,Manisnya Kolak Sampai Ke Hati
Drama,Me vs Dokter Salmon
Drama,Keblinger Mas Ganteng Di Anyer
Drama,Permaisuri vs Timun Suri
Korean Drama,Seondal: The Man Who Sells the River
Korean Drama,The Shameless
Korean Drama,Deranged
Korean Drama,I Can Speak
Korean Drama,The Book of Fish
Korean Drama,Wonderful Nightmare
Korean Drama,Mother
Korean Drama,The Last Princess
Korean Drama,The Advocate: A Missing Body
Korean Drama,The Flu
Korean Drama,The Box
Korean Drama,Bleak Night
Korean Drama,Marrying the Mafia 2 - Enemy in Law
Korean Drama,Marathon
Korean Drama,How to Steal a Dog
Korean Drama,My Tutor Friend
Korean Drama,The Day I Died: Unclosed Case
Korean Drama,The Dude in Me
Korean Drama,Double Patty
Korean Drama,The Classic
Inspiring Movies,Daur Hidup - Lahir
Inspiring Movies,Daur Hidup - Tumbuh
Inspiring Movies,Daur Hidup - Berkembang
Inspiring Movies,Daur Hidup - Menetap
Inspiring Movies,Daur Hidup - Berpulang
Inspiring Movies,Mendadak Dangdut
Inspiring Movies,Surat Kecil Untuk Tuhan
Inspiring Movies,Rumah Tanpa Jendela
Inspiring Movies,Simfoni Luar Biasa
Inspiring Movies,Tendangan Dari Langit
Inspiring Movies,7 Hati 7 Cinta 7 Wanita
Inspiring Movies,Koki - Koki Cilik 2
Inspiring Movies,Koki-Koki Cilik
Inspiring Movies,Chrisye
Inspiring Movies,Pengejar Angin
Marriage Life Story,Asmara Dua Diana
Marriage Life Story,Maaf Saya Menghamili Istri Anda
Marriage Life Story,3 Dara 2
Marriage Life Story,7 Hari 24 Jam
Marriage Life Story,Kata Maaf Terakhir
Marriage Life Story,Ikatan Cinta - Jamu Kuat Mas Al
Marriage Life Story,Ikatan Cinta - Kejujuran Aldebaran
Marriage Life Story,Ikatan Cinta - Rindu mama
Marriage Life Story,Bulan Madu
Marriage Life Story,Si Doel Anak Pinggiran
Marriage Life Story,Yakin Mau Nikah ?
Marriage Life Story,Cinta Palsu Sang Suami
Marriage Life Story,Puber Kedua Suami Ketiga
Love Story,"14 Hari, Anak Band Atau Pak Guru ?"
Love Story,3 Hari Untuk Permintaan Terakhir
Love Story,Demi Cinta
Love Story,Jomblo
Love Story,Oh Tidak
Love Story,Oh My God
Love Story,Kisah Cindelaras dan Si Jago Sakti
Love Story,"Eat, Pray & Love ala Mas Jarwo"
Love Story,Asal-Usul Telaga Biru
Love Story,7 Hari 7 Kekasih
Love Story,7 Hari Cinta
Love Story,Ada Cewek Cantik Banget di Truk Sampah
Love Story,Ada Cinta di Rumah Susun
Love Story,Aku Ada Untukmu
Love Story,Aku Mentoknya Sama Kamu
Love Story,Angkotku Berhenti Di Kamu
Love Story,Anita dan Anak Jalanan
Love Story,Asih Emang Yahud
Love Story,Asisten Cantik Naik Pangkat
Love Story,Asmaraku Terbang di Paralayang
Mother's Love,Siapa Dikubur di Makam Ibuku
Mother's Love,Ijinkan Aku Menjadi Ibu
Mother's Love,Ketika Ibu Harus Memilih
Mother's Love,Jangan Perbudak Ibu
Mother's Love,Rumah Untuk Ibu
Mother's Love,Rindu Sang Ibu
Mother's Love,Rahasia Ibu Kara
Mother's Love,Piala Buat Bunda
Mother's Love,Peluk Aku Ibu
Mother's Love,Menikah Untuk Ibu
Mother's Love,Me VS Mami 3
Mother's Love,Bukan Salah Bunda
Mother's Love,Jangan Tinggalkan Andi Bu
Mother's Love,Jangan Tinggalkan Galih Bu
Mother's Love,Ijinkan Ibu Memandikanmu
Mother's Love,Ibu Malang Yang Terbuang
Mother's Love,Ibu Kandungku Bik Imah
Mother's Love,Ibu Jangan Pisahkan Kami
Mother's Love,Dimana Ibu Akan Tinggal
Mother's Love,(Masih) Me VS Mami
Sitcom/Comedy,Srimulat: Hil yang Mustahal
Sitcom/Comedy,Demi Cinta
Sitcom/Comedy,Maju Salah Mundur Makin Salah
Sitcom/Comedy,Stephen Cau I Love You
Sitcom/Comedy,Bagai Pinang Dilindas Bajaj
Sitcom/Comedy,Dadang-Dudung 2
Sitcom/Comedy,Rahasia Hati Sopir Istri
Sitcom/Comedy,Sule Kutunggu Kau Digaris Finish
Sitcom/Comedy,Sule Pulang Haji Dapat Jodoh
Sitcom/Comedy,Sule Racun Cinta di Kedai Kopi
Sitcom/Comedy,Sule Sok British
Sitcom/Comedy,When Sule Met Sulis
Sitcom/Comedy,Narji Dont Forget Me
Sitcom/Comedy,4 Anak Rantau - Salam Kenal Ibukota
Sitcom/Comedy,4 Anak Rantau - Tarik Daku Kau Kujitak
Sitcom/Comedy,4 Anak Rantau - Ketiban Durian Runtuh
Sitcom/Comedy,3 Dara
Sitcom/Comedy,3 Dara 2
Sitcom/Comedy,Mendadak Dangdut
Sitcom/Comedy,Asmara Dua Diana
Religion,Tuhan Memberiku Kesempatan
Religion,Cinta yang Hilang
Religion,Sehabis Sholat Ied
Religion,Haji Jiong
Religion,Aku Bukan Anak Pembawa Sial
Religion,Ke Sorga Naik Sepeda
Religion,Marbot Masjid Naikkan Haji Emak
Religion,Mengapa Mama Membenciku
Religion,Pintu Maaf Untuk Istri yang Dzalim
Religion,Sejengkal Tanah Surga
Religion,Suara Malaikat
Religion,Jakarta Sunyi Sekali Malam Hari
Religion,Panjangkan Usia Ibu Ya Allah
Religion,Aku Diperbudak Ibu Tiriku
Religion,Ya Allah Ijinkan Aku Menguburkan Anakku
Religion,Satu Rahasiaku
Religion,Kun Fayakun
Religion,Terciduknya Pencuri Ayam Potong
Religion,Penipu Berkedok SMS Berhadiah
Religion,Pengedar Obat Kadaluarsa
Action/Adventure,Ashfall
Action/Adventure,Memories of the Sword
Action/Adventure,No Tears for the Dead
Action/Adventure,Unstoppable
Action/Adventure,Steel Rain 2: Summit
Action/Adventure,Real
Action/Adventure,Rampant
Action/Adventure,My Way
Action/Adventure,The Warriors of the Dawn
Action/Adventure,The Swordsman
Action/Adventure,The Pirates
Action/Adventure,Battle of Jangsari
Action/Adventure,The Target
Action/Adventure,"The Gangster, The Cop, The Devil"
Action/Adventure,Midnight
Action/Adventure,A Dirty Carnival
Action/Adventure,Six Ball
Action/Adventure,By Quantum Physics: a Nightlife
Action/Adventure,Secretly Greatly
Action/Adventure,Fist & Furious
Horror/Mystery/Thriller,Diva
Horror/Mystery/Thriller,Gonjiam: Haunted Asylum
Horror/Mystery/Thriller,The Closet
Horror/Mystery/Thriller,The Neighbors
Horror/Mystery/Thriller,Moss
Horror/Mystery/Thriller,The Mimic
Horror/Mystery/Thriller,Broken
Horror/Mystery/Thriller,The Divine Fury
Horror/Mystery/Thriller,RV: Resurrected Victims
Horror/Mystery/Thriller,Ordinary People
Horror/Mystery/Thriller,The Chronicles of Evil
Horror/Mystery/Thriller,The Wicked
Horror/Mystery/Thriller,Gupita
Horror/Mystery/Thriller,Mirror
Horror/Mystery/Thriller,Bangsal Kosong
Horror/Mystery/Thriller,Yoga
Horror/Mystery/Thriller,Recalled
Horror/Mystery/Thriller,Guimoon: The Lightless Door
Horror/Mystery/Thriller,Door Lock
Horror/Mystery/Thriller,Seven Days
